{
  "name": "Malinval", 
  "primelanguage": "",
  "seclanguages": [],
  "coords": [34.0731374116421, 55.27959104300278],
  "startyear": -500,
  "endyear": false,
  "bordercoords": [
    {
      "year": -500,
      "borders": [
        [49.98699361915004, 93.93486762289477],
        [45.836932440121316, 93.8926939345701],
        [42.43207267241209, 90.29144820304472],
        [37.866722853218626, 86.7803906716217],
        [36.40470491509095, 85.0673787007261],
        [33.23064686752627, 84.89170817723705],
        [30.92225448145132, 82.69582663362398],
        [29.63196490525779, 79.27025142558766],
        [27.548459140257656, 78.21622828465341],
        [24.46840062647489, 74.79065307661706],
        [23.37314412370037, 72.94229542920964],
        [19.860373042167716, 71.25248357621508],
        [16.73156416658139, 65.25671002656401],
        [14.403424442254751, 62.21739696736275],
        [14.020021898965714, 61.075538564683974],
        [12.908867400877071, 59.40666859153808],
        [10.41285849649609, 57.4742928331586],
        [7.983757710988173, 55.55467830516692],
        [7.809643397973213, 53.27096149980936],
        [7.940236025285963, 50.94332706357955],
        [9.373870112162018, 48.48393973473296],
        [9.417225890585126, 46.902905023331556],
        [11.70670313424045, 44.35568243274046],
        [12.951698393721799, 41.652000368311356],
        [14.87113268879198, 38.79735436161438],
        [18.532351347677107, 35.67920256968388],
        [22.238895499613218, 30.58475738850164],
        [25.74176610573814, 27.764628914667817],
        [28.55678227774372, 22.143172163018463],
        [33.25763758619377, 29.201955184124614],
        [37.34450497634804, 37.41455215723736],
        [43.34450497634804, 47.41455215723736],
        [45.38494834654319, 55.00746654225145],
        [48.50386733939323, 67.40667229426101],
        [50.6686131506577, 79.17758052238217],
        [53.7892944367402, 93.40808151458832]
      ]
    },
    {
      "year": 1330,
      "borders": [
        [49.98699361915004, 93.93486762289477],
        [45.98980600197725, 86.1216262085378],
        [40.48925963597949, 85.4189441145816],
        [37.866722853218626, 86.7803906716217],
        [36.40470491509095, 85.0673787007261],
        [33.23064686752627, 84.89170817723705],
        [30.92225448145132, 82.69582663362398],
        [29.63196490525779, 79.27025142558766],
        [27.548459140257656, 78.21622828465341],
        [24.46840062647489, 74.79065307661706],
        [23.37314412370037, 72.94229542920964],
        [19.860373042167716, 71.25248357621508],
        [16.73156416658139, 65.25671002656401],
        [14.403424442254751, 62.21739696736275],
        [14.020021898965714, 61.075538564683974],
        [12.908867400877071, 59.40666859153808],
        [10.41285849649609, 57.4742928331586],
        [7.983757710988173, 55.55467830516692],
        [7.809643397973213, 53.27096149980936],
        [7.940236025285963, 50.94332706357955],
        [9.373870112162018, 48.48393973473296],
        [9.417225890585126, 46.902905023331556],
        [11.70670313424045, 44.35568243274046],
        [12.951698393721799, 41.652000368311356],
        [14.87113268879198, 38.79735436161438],
        [18.532351347677107, 35.67920256968388],
        [22.238895499613218, 30.58475738850164],
        [25.74176610573814, 27.764628914667817],
        [28.55678227774372, 22.143172163018463],
        [33.25763758619377, 29.201955184124614],
        [37.34450497634804, 37.41455215723736],
        [43.34450497634804, 47.41455215723736],
        [45.38494834654319, 55.00746654225145],
        [48.50386733939323, 67.40667229426101],
        [50.6686131506577, 79.17758052238217],
        [53.7892944367402, 93.40808151458832]
      ]
    },
    {
      "year": 1412,
      "borders": [
        [48.717696134469804, 79.76069458347841],
        [45.55012106480582, 81.82548501697424],
        [45.98980600197725, 86.1216262085378],
        [40.48925963597949, 85.4189441145816],
        [37.866722853218626, 86.7803906716217],
        [36.40470491509095, 85.0673787007261],
        [33.23064686752627, 84.89170817723705],
        [30.92225448145132, 82.69582663362398],
        [29.63196490525779, 79.27025142558766],
        [27.548459140257656, 78.21622828465341],
        [24.46840062647489, 74.79065307661706],
        [23.37314412370037, 72.94229542920964],
        [19.860373042167716, 71.25248357621508],
        [16.73156416658139, 65.25671002656401],
        [14.403424442254751, 62.21739696736275],
        [14.020021898965714, 61.075538564683974],
        [12.908867400877071, 59.40666859153808],
        [10.41285849649609, 57.4742928331586],
        [7.983757710988173, 55.55467830516692],
        [7.809643397973213, 53.27096149980936],
        [7.940236025285963, 50.94332706357955],
        [9.373870112162018, 48.48393973473296],
        [9.417225890585126, 46.902905023331556],
        [11.70670313424045, 44.35568243274046],
        [12.951698393721799, 41.652000368311356],
        [14.87113268879198, 38.79735436161438],
        [18.532351347677107, 35.67920256968388],
        [22.238895499613218, 30.58475738850164],
        [25.74176610573814, 27.764628914667817],
        [28.55678227774372, 22.143172163018463],
        [33.25763758619377, 29.201955184124614],
        [37.34450497634804, 37.41455215723736],
        [43.34450497634804, 47.41455215723736],
        [45.38494834654319, 55.00746654225145],
        [48.50386733939323, 67.40667229426101],
        [50.6686131506577, 79.17758052238217]
      ]
    },
    {
      "year": 1490,
      "borders": [
        [49.98699361915004, 93.93486762289477],
        [45.98980600197725, 86.1216262085378],
        [40.48925963597949, 85.4189441145816],
        [37.866722853218626, 86.7803906716217],
        [36.40470491509095, 85.0673787007261],
        [33.23064686752627, 84.89170817723705],
        [30.92225448145132, 82.69582663362398],
        [29.63196490525779, 79.27025142558766],
        [27.548459140257656, 78.21622828465341],
        [24.46840062647489, 74.79065307661706],
        [23.37314412370037, 72.94229542920964],
        [19.860373042167716, 71.25248357621508],
        [16.73156416658139, 65.25671002656401],
        [14.403424442254751, 62.21739696736275],
        [14.020021898965714, 61.075538564683974],
        [12.908867400877071, 59.40666859153808],
        [10.41285849649609, 57.4742928331586],
        [7.983757710988173, 55.55467830516692],
        [7.809643397973213, 53.27096149980936],
        [7.940236025285963, 50.94332706357955],
        [9.373870112162018, 48.48393973473296],
        [9.417225890585126, 46.902905023331556],
        [11.70670313424045, 44.35568243274046],
        [12.951698393721799, 41.652000368311356],
        [14.87113268879198, 38.79735436161438],
        [18.532351347677107, 35.67920256968388],
        [22.238895499613218, 30.58475738850164],
        [25.74176610573814, 27.764628914667817],
        [28.55678227774372, 22.143172163018463],
        [33.25763758619377, 29.201955184124614],
        [37.34450497634804, 37.41455215723736],
        [43.34450497634804, 47.41455215723736],
        [45.38494834654319, 55.00746654225145],
        [48.50386733939323, 67.40667229426101],
        [50.6686131506577, 79.17758052238217],
        [53.7892944367402, 93.40808151458832]
      ]
    },
    {
      "year": 1845,