{
  "name": "Nerim", 
  "primelanguage": "",
  "seclanguages": [],
  "coords": [-2.237895124716353, 89.06195413772673],
  "startyear": 950,
  "endyear": false,
  "bordercoords": [
    {
      "year": 950,
      "borders": [
        [1.0072570730257588, 95.39460333608983],
        [-2.8148002836743853, 91.92399813936282],
        [-2.2879811548790223, 87.48689529291435],
        [-0.04737853463962467, 83.84170574730155],
        [5.700031740320446, 85.24752051053272],
        [6.704844233654396, 92.14479919263583],
        [4.342987913740347, 95.04429214180016]
      ]
    },
    {
      "year": 1250,
      "borders": [
        [-5.622819276089737, 66.27289073380919],
        [-7.8048814328181235, 68.29374945595403],
        [-12.042678249177445, 86.87542843619428],
        [-10.836678005759953, 87.36191433452301],
        [-8.149641395556687, 89.7781584588266],
        [-6.056575370441594, 92.54585627393804],
        [-5.26942661040087, 96.49971029552579],
        [-4.262192097509845, 97.6858665020021],
        [-2.4636112397219083, 98.25697874956478],
        [-1.189871128811219, 99.2712980392584],
        [-0.31104888714712, 100.63318109113861],
        [3.2467808507631157, 104.85062538083217],
        [4.605855952108448, 105.55353276244779],
        [5.175062864917126, 106.21250843271241],
        [7.053875123660066, 106.0807132986595],
        [8.577626404961176, 104.67489853542828],
        [9.748986507854168, 102.61010810193245],
        [11.992980132134765, 100.14993226627786],
        [12.905520920167211, 99.82177734375],
        [14.35753037551214, 99.07470703125001],
        [16.433450811660506, 96.65771484375001],
        [17.484291431493666, 95.03173828125001],
        [17.022646451950358, 93.75732421875],
        [16.98062170817597, 92.65869140625001],
        [16.644086562020608, 92.13134765625001],
        [16.306959445169188, 91.69189453125001],
        [15.249739618721511, 90.85693359375001],
        [13.760728046441224, 90.24169921875001],
        [11.574216080310618, 89.18701171875001],
        [9.835596627067718, 88.63609717748956],
        [7.533360741154155, 86.4834433212918],
        [5.568832787195601, 83.75967721753135],
        [4.342987913740347, 82.13546880440461],
        [1.0072570730257588, 79.98281494820685],
        [-3.47298423160212, 72.51442401854109],
        [-2.990355951307069, 70.4496335850453],
        [-2.902581526675543, 68.4727065742514],
        [-3.823833674571992, 66.67150640886142],
        [-5.706864203635121, 65.74894047049096]
      ]
    },
    {
      "year": 1276,
      "borders": [
        [-5.622819276089737, 66.27289073380919],
        [-7.8048814328181235, 68.29374945595403],
        [-12.042678249177445, 86.87542843619428],
        [-10.836678005759953, 87.36191433452301],
        [-8.149641395556687, 89.7781584588266],
        [-6.056575370441594, 92.54585627393804],
        [-5.26942661040087, 96.49971029552579],
        [-4.262192097509845, 97.6858665020021],
        [-2.4636112397219083, 98.25697874956478],
        [-1.189871128811219, 99.2712980392584],
        [-0.31104888714712, 100.63318109113861],
        [3.2467808507631157, 104.85062538083217],
        [4.605855952108448, 105.55353276244779],
        [5.175062864917126, 106.21250843271241],
        [7.053875123660066, 106.0807132986595],
        [8.577626404961176, 104.67489853542828],
        [9.748986507854168, 102.61010810193245],
        [11.992980132134765, 100.14993226627786],
        [12.905520920167211, 99.82177734375],
        [14.35753037551214, 99.07470703125001],
        [30.114245744598513, 99.25048828125],
        [31.360673191606306, 99.90966796875001],
        [31.69779270531287, 101.00830078125],
        [32.145385562629315, 101.62353515625],
        [32.99714648628775, 102.41455078125001],
        [34.74838307098529, 103.11767578125001],
        [36.92135192790115, 102.54638671875001],
        [38.17559185481665, 102.59033203125001],
        [40.78678041401646, 101.93115234375001],
        [42.72078596277834, 100.43701171875],
        [44.34545810301834, 100.04150390625001],
        [44.97062759301016, 99.51416015625001],
        [45.43508099838452, 98.63525390625],
        [46.89586230605985, 97.71240234375001],
        [47.468949677672484, 97.07519531250001],
        [47.64133557512159, 96.61376953125001],
        [47.284818765649284, 96.17431640625],
        [46.322274857040256, 96.48193359375001],
        [45.21880793965786, 95.95458984375001],
        [44.40827836571936, 95.73486328125001],
        [43.935483850319784, 96.04248046875001],
        [42.978530155644734, 95.69091796875001],
        [41.481833430076065, 94.59228515625001],
        [41.2509675141624, 94.59228515625001],
        [40.25228042623786, 94.06494140625001],
        [37.96801944035648, 94.06494140625001],
        [36.10903359678316, 93.62548828125],
        [34.928726792983845, 93.62548828125],
        [33.40163829558251, 94.32861328125],
        [32.368363067704735, 94.15283203125001],
        [32.07093815080466, 94.19677734375001],
        [16.644086562020608, 92.13134765625001],
        [16.306959445169188, 91.69189453125001],
        [15.249739618721511, 90.85693359375001],
        [13.760728046441224, 90.24169921875001],
        [11.574216080310618, 89.18701171875001],
        [9.835596627067718, 88.63609717748956],
        [7.533360741154155, 86.4834433212918],
        [5.568832787195601, 83.75967721753135],
        [4.342987913740347, 82.13546880440461],
        [1.0072570730257588, 79.98281494820685],
        [-3.47298423160212, 72.51442401854109],
        [-2.990355951307069, 70.4496335850453],
        [-2.902581526675543, 68.4727065742514],
        [-3.823833674571992, 66.67150640886142],
        [-5.706864203635121, 65.74894047049096]
      ]
    },
    {
      "year": 1330,